Figure,Repetition,Seed,DistributionSeed,Method,SensitiveGroup,Class,Probability
3,0,781,777,Unfair,-1,0,0.06382978723404255
3,0,781,777,Unfair,-1,1,0.07543520309477757
3,0,781,777,Unfair,-1,2,0.06769825918762089
3,0,781,777,Unfair,-1,3,0.2804642166344294
3,0,781,777,Unfair,-1,4,0.25918762088974856
3,0,781,777,Unfair,-1,5,0.25338491295938104
3,0,781,777,Unfair,1,0,0.2939958592132505
3,0,781,777,Unfair,1,1,0.23395445134575568
3,0,781,777,Unfair,1,2,0.23809523809523808
3,0,781,777,Unfair,1,3,0.07660455486542443
3,0,781,777,Unfair,1,4,0.07246376811594203
3,0,781,777,Unfair,1,5,0.08488612836438923
3,0,781,777,Exact fair,-1,0,0.14119922630560927
3,0,781,777,Exact fair,-1,1,0.16247582205029013
3,0,781,777,Exact fair,-1,2,0.18568665377176016
3,0,781,777,Exact fair,-1,3,0.172147001934236
3,0,781,777,Exact fair,-1,4,0.16634429400386846
3,0,781,777,Exact fair,-1,5,0.172147001934236
3,0,781,777,Exact fair,1,0,0.19668737060041408
3,0,781,777,Exact fair,1,1,0.16356107660455488
3,0,781,777,Exact fair,1,2,0.15320910973084886
3,0,781,777,Exact fair,1,3,0.13871635610766045
3,0,781,777,Exact fair,1,4,0.16149068322981366
3,0,781,777,Exact fair,1,5,0.18633540372670807
3,1,10781,10777,Unfair,-1,0,0.07480314960629922
3,1,10781,10777,Unfair,-1,1,0.08858267716535433
3,1,10781,10777,Unfair,-1,2,0.08267716535433071
3,1,10781,10777,Unfair,-1,3,0.2637795275590551
3,1,10781,10777,Unfair,-1,4,0.2677165354330709
3,1,10781,10777,Unfair,-1,5,0.22244094488188976
3,1,10781,10777,Unfair,1,0,0.2865853658536585
3,1,10781,10777,Unfair,1,1,0.25
3,1,10781,10777,Unfair,1,2,0.26422764227642276
3,1,10781,10777,Unfair,1,3,0.07520325203252033
3,1,10781,10777,Unfair,1,4,0.07723577235772358
3,1,10781,10777,Unfair,1,5,0.046747967479674794
3,1,10781,10777,Exact fair,-1,0,0.1889763779527559
3,1,10781,10777,Exact fair,-1,1,0.19488188976377951
3,1,10781,10777,Exact fair,-1,2,0.16338582677165353
3,1,10781,10777,Exact fair,-1,3,0.1830708661417323
3,1,10781,10777,Exact fair,-1,4,0.16535433070866143
3,1,10781,10777,Exact fair,-1,5,0.10433070866141732
3,1,10781,10777,Exact fair,1,0,0.2032520325203252
3,1,10781,10777,Exact fair,1,1,0.18089430894308944
3,1,10781,10777,Exact fair,1,2,0.18292682926829268
3,1,10781,10777,Exact fair,1,3,0.21544715447154472
3,1,10781,10777,Exact fair,1,4,0.11178861788617886
3,1,10781,10777,Exact fair,1,5,0.10569105691056911
3,2,20781,20777,Unfair,-1,0,0.0622568093385214
3,2,20781,20777,Unfair,-1,1,0.09727626459143969
3,2,20781,20777,Unfair,-1,2,0.06809338521400778
3,2,20781,20777,Unfair,-1,3,0.2529182879377432
3,2,20781,20777,Unfair,-1,4,0.23929961089494164
3,2,20781,20777,Unfair,-1,5,0.2801556420233463
3,2,20781,20777,Unfair,1,0,0.29835390946502055
3,2,20781,20777,Unfair,1,1,0.23868312757201646
3,2,20781,20777,Unfair,1,2,0.29835390946502055
3,2,20781,20777,Unfair,1,3,0.04526748971193416
3,2,20781,20777,Unfair,1,4,0.059670781893004114
3,2,20781,20777,Unfair,1,5,0.059670781893004114
3,2,20781,20777,Exact fair,-1,0,0.18482490272373542
3,2,20781,20777,Exact fair,-1,1,0.17704280155642024
3,2,20781,20777,Exact fair,-1,2,0.1614785992217899
3,2,20781,20777,Exact fair,-1,3,0.18093385214007782
3,2,20781,20777,Exact fair,-1,4,0.14396887159533073
3,2,20781,20777,Exact fair,-1,5,0.1517509727626459
3,2,20781,20777,Exact fair,1,0,0.18518518518518517
3,2,20781,20777,Exact fair,1,1,0.1646090534979424
3,2,20781,20777,Exact fair,1,2,0.2242798353909465
3,2,20781,20777,Exact fair,1,3,0.14814814814814814
3,2,20781,20777,Exact fair,1,4,0.12757201646090535
3,2,20781,20777,Exact fair,1,5,0.15020576131687244
3,3,30781,30777,Unfair,-1,0,0.07228915662650602
3,3,30781,30777,Unfair,-1,1,0.07630522088353414
3,3,30781,30777,Unfair,-1,2,0.04819277108433735
3,3,30781,30777,Unfair,-1,3,0.2429718875502008
3,3,30781,30777,Unfair,-1,4,0.27710843373493976
3,3,30781,30777,Unfair,-1,5,0.28313253012048195
3,3,30781,30777,Unfair,1,0,0.2549800796812749
3,3,30781,30777,Unfair,1,1,0.2589641434262948
3,3,30781,30777,Unfair,1,2,0.24900398406374502
3,3,30781,30777,Unfair,1,3,0.08565737051792828
3,3,30781,30777,Unfair,1,4,0.08565737051792828
3,3,30781,30777,Unfair,1,5,0.06573705179282868
3,3,30781,30777,Exact fair,-1,0,0.1465863453815261
3,3,30781,30777,Exact fair,-1,1,0.19477911646586346
3,3,30781,30777,Exact fair,-1,2,0.12248995983935743
3,3,30781,30777,Exact fair,-1,3,0.15261044176706828
3,3,30781,30777,Exact fair,-1,4,0.1827309236947791
3,3,30781,30777,Exact fair,-1,5,0.20080321285140562
3,3,30781,30777,Exact fair,1,0,0.20119521912350596
3,3,30781,30777,Exact fair,1,1,0.17131474103585656
3,3,30781,30777,Exact fair,1,2,0.16733067729083664
3,3,30781,30777,Exact fair,1,3,0.17131474103585656
3,3,30781,30777,Exact fair,1,4,0.16733067729083664
3,3,30781,30777,Exact fair,1,5,0.12151394422310757
3,4,40781,40777,Unfair,-1,0,0.07910750507099391
3,4,40781,40777,Unfair,-1,1,0.05273833671399594
3,4,40781,40777,Unfair,-1,2,0.06693711967545639
3,4,40781,40777,Unfair,-1,3,0.281947261663286
3,4,40781,40777,Unfair,-1,4,0.2616632860040568
3,4,40781,40777,Unfair,-1,5,0.25760649087221094
3,4,40781,40777,Unfair,1,0,0.2702169625246548
3,4,40781,40777,Unfair,1,1,0.2603550295857988
3,4,40781,40777,Unfair,1,2,0.26627218934911245
3,4,40781,40777,Unfair,1,3,0.09861932938856016
3,4,40781,40777,Unfair,1,4,0.04339250493096647
3,4,40781,40777,Unfair,1,5,0.0611439842209073
3,4,40781,40777,Exact fair,-1,0,0.12170385395537525
3,4,40781,40777,Exact fair,-1,1,0.18052738336713997
3,4,40781,40777,Exact fair,-1,2,0.16227180527383367
3,4,40781,40777,Exact fair,-1,3,0.18661257606490872
3,4,40781,40777,Exact fair,-1,4,0.18255578093306288
3,4,40781,40777,Exact fair,-1,5,0.1663286004056795
3,4,40781,40777,Exact fair,1,0,0.16370808678500987
3,4,40781,40777,Exact fair,1,1,0.1873767258382643
3,4,40781,40777,Exact fair,1,2,0.20315581854043394
3,4,40781,40777,Exact fair,1,3,0.1893491124260355
3,4,40781,40777,Exact fair,1,4,0.11834319526627218
3,4,40781,40777,Exact fair,1,5,0.13806706114398423
3,5,50781,50777,Unfair,-1,0,0.068
3,5,50781,50777,Unfair,-1,1,0.072
3,5,50781,50777,Unfair,-1,2,0.056
3,5,50781,50777,Unfair,-1,3,0.292
3,5,50781,50777,Unfair,-1,4,0.246
3,5,50781,50777,Unfair,-1,5,0.266
3,5,50781,50777,Unfair,1,0,0.248
3,5,50781,50777,Unfair,1,1,0.268
3,5,50781,50777,Unfair,1,2,0.236
3,5,50781,50777,Unfair,1,3,0.068
3,5,50781,50777,Unfair,1,4,0.096
3,5,50781,50777,Unfair,1,5,0.084
3,5,50781,50777,Exact fair,-1,0,0.178
3,5,50781,50777,Exact fair,-1,1,0.18
3,5,50781,50777,Exact fair,-1,2,0.176
3,5,50781,50777,Exact fair,-1,3,0.164
3,5,50781,50777,Exact fair,-1,4,0.152
3,5,50781,50777,Exact fair,-1,5,0.15
3,5,50781,50777,Exact fair,1,0,0.144
3,5,50781,50777,Exact fair,1,1,0.178
3,5,50781,50777,Exact fair,1,2,0.164
3,5,50781,50777,Exact fair,1,3,0.16
3,5,50781,50777,Exact fair,1,4,0.192
3,5,50781,50777,Exact fair,1,5,0.162
3,6,60781,60777,Unfair,-1,0,0.04897959183673469
3,6,60781,60777,Unfair,-1,1,0.08163265306122448
3,6,60781,60777,Unfair,-1,2,0.05102040816326531
3,6,60781,60777,Unfair,-1,3,0.2571428571428571
3,6,60781,60777,Unfair,-1,4,0.2816326530612245
3,6,60781,60777,Unfair,-1,5,0.2795918367346939
3,6,60781,60777,Unfair,1,0,0.24509803921568626
3,6,60781,60777,Unfair,1,1,0.24901960784313726
3,6,60781,60777,Unfair,1,2,0.30392156862745096
3,6,60781,60777,Unfair,1,3,0.06666666666666667
3,6,60781,60777,Unfair,1,4,0.056862745098039215
3,6,60781,60777,Unfair,1,5,0.0784313725490196
3,6,60781,60777,Exact fair,-1,0,0.14081632653061224
3,6,60781,60777,Exact fair,-1,1,0.1816326530612245
3,6,60781,60777,Exact fair,-1,2,0.16938775510204082
3,6,60781,60777,Exact fair,-1,3,0.1469387755102041
3,6,60781,60777,Exact fair,-1,4,0.1673469387755102
3,6,60781,60777,Exact fair,-1,5,0.19387755102040816
3,6,60781,60777,Exact fair,1,0,0.15294117647058825
3,6,60781,60777,Exact fair,1,1,0.17450980392156862
3,6,60781,60777,Exact fair,1,2,0.19019607843137254
3,6,60781,60777,Exact fair,1,3,0.13529411764705881
3,6,60781,60777,Exact fair,1,4,0.19215686274509805
3,6,60781,60777,Exact fair,1,5,0.15490196078431373
3,7,70781,70777,Unfair,-1,0,0.055327868852459015
3,7,70781,70777,Unfair,-1,1,0.07377049180327869
3,7,70781,70777,Unfair,-1,2,0.06557377049180328
3,7,70781,70777,Unfair,-1,3,0.29098360655737704
3,7,70781,70777,Unfair,-1,4,0.26024590163934425
3,7,70781,70777,Unfair,-1,5,0.2540983606557377
3,7,70781,70777,Unfair,1,0,0.267578125
3,7,70781,70777,Unfair,1,1,0.265625
3,7,70781,70777,Unfair,1,2,0.265625
3,7,70781,70777,Unfair,1,3,0.0546875
3,7,70781,70777,Unfair,1,4,0.0546875
3,7,70781,70777,Unfair,1,5,0.091796875
3,7,70781,70777,Exact fair,-1,0,0.26434426229508196
3,7,70781,70777,Exact fair,-1,1,0.1680327868852459
3,7,70781,70777,Exact fair,-1,2,0.14959016393442623
3,7,70781,70777,Exact fair,-1,3,0.14959016393442623
3,7,70781,70777,Exact fair,-1,4,0.13729508196721313
3,7,70781,70777,Exact fair,-1,5,0.13114754098360656
3,7,70781,70777,Exact fair,1,0,0.158203125
3,7,70781,70777,Exact fair,1,1,0.18359375
3,7,70781,70777,Exact fair,1,2,0.205078125
3,7,70781,70777,Exact fair,1,3,0.166015625
3,7,70781,70777,Exact fair,1,4,0.10546875
3,7,70781,70777,Exact fair,1,5,0.181640625
3,8,80781,80777,Unfair,-1,0,0.100990099009901
3,8,80781,80777,Unfair,-1,1,0.08316831683168317
3,8,80781,80777,Unfair,-1,2,0.06534653465346535
3,8,80781,80777,Unfair,-1,3,0.29504950495049503
3,8,80781,80777,Unfair,-1,4,0.23366336633663368
3,8,80781,80777,Unfair,-1,5,0.22178217821782178
3,8,80781,80777,Unfair,1,0,0.23434343434343435
3,8,80781,80777,Unfair,1,1,0.24444444444444444
3,8,80781,80777,Unfair,1,2,0.26464646464646463
3,8,80781,80777,Unfair,1,3,0.09292929292929293
3,8,80781,80777,Unfair,1,4,0.08282828282828283
3,8,80781,80777,Unfair,1,5,0.08080808080808081
3,8,80781,80777,Exact fair,-1,0,0.14653465346534653
3,8,80781,80777,Exact fair,-1,1,0.1900990099009901
3,8,80781,80777,Exact fair,-1,2,0.1504950495049505
3,8,80781,80777,Exact fair,-1,3,0.24158415841584158
3,8,80781,80777,Exact fair,-1,4,0.13663366336633664
3,8,80781,80777,Exact fair,-1,5,0.13465346534653466
3,8,80781,80777,Exact fair,1,0,0.14343434343434344
3,8,80781,80777,Exact fair,1,1,0.12525252525252525
3,8,80781,80777,Exact fair,1,2,0.16363636363636364
3,8,80781,80777,Exact fair,1,3,0.2202020202020202
3,8,80781,80777,Exact fair,1,4,0.16363636363636364
3,8,80781,80777,Exact fair,1,5,0.18383838383838383
3,9,90781,90777,Unfair,-1,0,0.06299212598425197
3,9,90781,90777,Unfair,-1,1,0.05905511811023622
3,9,90781,90777,Unfair,-1,2,0.07874015748031496
3,9,90781,90777,Unfair,-1,3,0.28937007874015747
3,9,90781,90777,Unfair,-1,4,0.2736220472440945
3,9,90781,90777,Unfair,-1,5,0.23622047244094488
3,9,90781,90777,Unfair,1,0,0.23170731707317074
3,9,90781,90777,Unfair,1,1,0.2886178861788618
3,9,90781,90777,Unfair,1,2,0.2601626016260163
3,9,90781,90777,Unfair,1,3,0.09146341463414634
3,9,90781,90777,Unfair,1,4,0.06097560975609756
3,9,90781,90777,Unfair,1,5,0.06707317073170732
3,9,90781,90777,Exact fair,-1,0,0.13385826771653545
3,9,90781,90777,Exact fair,-1,1,0.14763779527559054
3,9,90781,90777,Exact fair,-1,2,0.1830708661417323
3,9,90781,90777,Exact fair,-1,3,0.20669291338582677
3,9,90781,90777,Exact fair,-1,4,0.18110236220472442
3,9,90781,90777,Exact fair,-1,5,0.14763779527559054
3,9,90781,90777,Exact fair,1,0,0.14634146341463414
3,9,90781,90777,Exact fair,1,1,0.16463414634146342
3,9,90781,90777,Exact fair,1,2,0.16869918699186992
3,9,90781,90777,Exact fair,1,3,0.18699186991869918
3,9,90781,90777,Exact fair,1,4,0.13821138211382114
3,9,90781,90777,Exact fair,1,5,0.1951219512195122
3,10,100781,100777,Unfair,-1,0,0.05138339920948617
3,10,100781,100777,Unfair,-1,1,0.05928853754940711
3,10,100781,100777,Unfair,-1,2,0.08695652173913043
3,10,100781,100777,Unfair,-1,3,0.24308300395256918
3,10,100781,100777,Unfair,-1,4,0.2648221343873518
3,10,100781,100777,Unfair,-1,5,0.29446640316205536
3,10,100781,100777,Unfair,1,0,0.242914979757085
3,10,100781,100777,Unfair,1,1,0.2935222672064777
3,10,100781,100777,Unfair,1,2,0.27125506072874495
3,10,100781,100777,Unfair,1,3,0.058704453441295545
3,10,100781,100777,Unfair,1,4,0.0728744939271255
3,10,100781,100777,Unfair,1,5,0.06072874493927125
3,10,100781,100777,Exact fair,-1,0,0.11067193675889328
3,10,100781,100777,Exact fair,-1,1,0.16600790513833993
3,10,100781,100777,Exact fair,-1,2,0.17984189723320157
3,10,100781,100777,Exact fair,-1,3,0.16600790513833993
3,10,100781,100777,Exact fair,-1,4,0.16600790513833993
3,10,100781,100777,Exact fair,-1,5,0.21146245059288538
3,10,100781,100777,Exact fair,1,0,0.15789473684210525
3,10,100781,100777,Exact fair,1,1,0.1862348178137652
3,10,100781,100777,Exact fair,1,2,0.20445344129554655
3,10,100781,100777,Exact fair,1,3,0.15182186234817813
3,10,100781,100777,Exact fair,1,4,0.16396761133603238
3,10,100781,100777,Exact fair,1,5,0.13562753036437247
3,11,110781,110777,Unfair,-1,0,0.08070866141732283
3,11,110781,110777,Unfair,-1,1,0.06496062992125984
3,11,110781,110777,Unfair,-1,2,0.06496062992125984
3,11,110781,110777,Unfair,-1,3,0.24606299212598426
3,11,110781,110777,Unfair,-1,4,0.23818897637795275
3,11,110781,110777,Unfair,-1,5,0.3051181102362205
3,11,110781,110777,Unfair,1,0,0.25609756097560976
3,11,110781,110777,Unfair,1,1,0.29065040650406504
3,11,110781,110777,Unfair,1,2,0.26422764227642276
3,11,110781,110777,Unfair,1,3,0.05894308943089431
3,11,110781,110777,Unfair,1,4,0.054878048780487805
3,11,110781,110777,Unfair,1,5,0.07520325203252033
3,11,110781,110777,Exact fair,-1,0,0.15551181102362205
3,11,110781,110777,Exact fair,-1,1,0.1594488188976378
3,11,110781,110777,Exact fair,-1,2,0.16535433070866143
3,11,110781,110777,Exact fair,-1,3,0.18110236220472442
3,11,110781,110777,Exact fair,-1,4,0.13582677165354332
3,11,110781,110777,Exact fair,-1,5,0.20275590551181102
3,11,110781,110777,Exact fair,1,0,0.18089430894308944
3,11,110781,110777,Exact fair,1,1,0.19308943089430894
3,11,110781,110777,Exact fair,1,2,0.17073170731707318
3,11,110781,110777,Exact fair,1,3,0.1483739837398374
3,11,110781,110777,Exact fair,1,4,0.14634146341463414
3,11,110781,110777,Exact fair,1,5,0.16056910569105692
3,12,120781,120777,Unfair,-1,0,0.10139165009940358
3,12,120781,120777,Unfair,-1,1,0.055666003976143144
3,12,120781,120777,Unfair,-1,2,0.055666003976143144
3,12,120781,120777,Unfair,-1,3,0.27435387673956263
3,12,120781,120777,Unfair,-1,4,0.2783300198807157
3,12,120781,120777,Unfair,-1,5,0.2345924453280318
3,12,120781,120777,Unfair,1,0,0.30181086519114686
3,12,120781,120777,Unfair,1,1,0.23943661971830985
3,12,120781,120777,Unfair,1,2,0.22535211267605634
3,12,120781,120777,Unfair,1,3,0.0744466800804829
3,12,120781,120777,Unfair,1,4,0.07847082494969819
3,12,120781,120777,Unfair,1,5,0.08048289738430583
3,12,120781,120777,Exact fair,-1,0,0.1908548707753479
3,12,120781,120777,Exact fair,-1,1,0.14512922465208747
3,12,120781,120777,Exact fair,-1,2,0.1312127236580517
3,12,120781,120777,Exact fair,-1,3,0.20278330019880716
3,12,120781,120777,Exact fair,-1,4,0.18687872763419483
3,12,120781,120777,Exact fair,-1,5,0.14314115308151093
3,12,120781,120777,Exact fair,1,0,0.17706237424547283
3,12,120781,120777,Exact fair,1,1,0.14084507042253522
3,12,120781,120777,Exact fair,1,2,0.13682092555331993
3,12,120781,120777,Exact fair,1,3,0.1710261569416499
3,12,120781,120777,Exact fair,1,4,0.14688128772635814
3,12,120781,120777,Exact fair,1,5,0.22736418511066397
3,13,130781,130777,Unfair,-1,0,0.0815450643776824
3,13,130781,130777,Unfair,-1,1,0.08798283261802575
3,13,130781,130777,Unfair,-1,2,0.07081545064377683
3,13,130781,130777,Unfair,-1,3,0.2875536480686695
3,13,130781,130777,Unfair,-1,4,0.22532188841201717
3,13,130781,130777,Unfair,-1,5,0.24678111587982832
3,13,130781,130777,Unfair,1,0,0.250936329588015
3,13,130781,130777,Unfair,1,1,0.24531835205992508
3,13,130781,130777,Unfair,1,2,0.2397003745318352
3,13,130781,130777,Unfair,1,3,0.09925093632958802
3,13,130781,130777,Unfair,1,4,0.08426966292134831
3,13,130781,130777,Unfair,1,5,0.08052434456928839
3,13,130781,130777,Exact fair,-1,0,0.19527896995708155
3,13,130781,130777,Exact fair,-1,1,0.19957081545064378
3,13,130781,130777,Exact fair,-1,2,0.11587982832618025
3,13,130781,130777,Exact fair,-1,3,0.20815450643776823
3,13,130781,130777,Exact fair,-1,4,0.1351931330472103
3,13,130781,130777,Exact fair,-1,5,0.1459227467811159
3,13,130781,130777,Exact fair,1,0,0.1404494382022472
3,13,130781,130777,Exact fair,1,1,0.1441947565543071
3,13,130781,130777,Exact fair,1,2,0.15917602996254682
3,13,130781,130777,Exact fair,1,3,0.20411985018726592
3,13,130781,130777,Exact fair,1,4,0.20599250936329588
3,13,130781,130777,Exact fair,1,5,0.14606741573033707
3,14,140781,140777,Unfair,-1,0,0.07056451612903226
3,14,140781,140777,Unfair,-1,1,0.04233870967741935
3,14,140781,140777,Unfair,-1,2,0.10080645161290322
3,14,140781,140777,Unfair,-1,3,0.2862903225806452
3,14,140781,140777,Unfair,-1,4,0.25806451612903225
3,14,140781,140777,Unfair,-1,5,0.24193548387096775
3,14,140781,140777,Unfair,1,0,0.2896825396825397
3,14,140781,140777,Unfair,1,1,0.2361111111111111
3,14,140781,140777,Unfair,1,2,0.25396825396825395
3,14,140781,140777,Unfair,1,3,0.08134920634920635
3,14,140781,140777,Unfair,1,4,0.08134920634920635
3,14,140781,140777,Unfair,1,5,0.057539682539682536
3,14,140781,140777,Exact fair,-1,0,0.15120967741935484
3,14,140781,140777,Exact fair,-1,1,0.125
3,14,140781,140777,Exact fair,-1,2,0.16532258064516128
3,14,140781,140777,Exact fair,-1,3,0.2056451612903226
3,14,140781,140777,Exact fair,-1,4,0.18346774193548387
3,14,140781,140777,Exact fair,-1,5,0.1693548387096774
3,14,140781,140777,Exact fair,1,0,0.17063492063492064
3,14,140781,140777,Exact fair,1,1,0.15079365079365079
3,14,140781,140777,Exact fair,1,2,0.18055555555555555
3,14,140781,140777,Exact fair,1,3,0.19246031746031747
3,14,140781,140777,Exact fair,1,4,0.1746031746031746
3,14,140781,140777,Exact fair,1,5,0.13095238095238096
3,15,150781,150777,Unfair,-1,0,0.055776892430278883
3,15,150781,150777,Unfair,-1,1,0.06573705179282868
3,15,150781,150777,Unfair,-1,2,0.08167330677290836
3,15,150781,150777,Unfair,-1,3,0.2948207171314741
3,15,150781,150777,Unfair,-1,4,0.22111553784860558
3,15,150781,150777,Unfair,-1,5,0.28087649402390436
3,15,150781,150777,Unfair,1,0,0.26706827309236947
3,15,150781,150777,Unfair,1,1,0.25100401606425704
3,15,150781,150777,Unfair,1,2,0.27710843373493976
3,15,150781,150777,Unfair,1,3,0.07429718875502007
3,15,150781,150777,Unfair,1,4,0.0783132530120482
3,15,150781,150777,Unfair,1,5,0.05220883534136546
3,15,150781,150777,Exact fair,-1,0,0.15737051792828685
3,15,150781,150777,Exact fair,-1,1,0.1593625498007968
3,15,150781,150777,Exact fair,-1,2,0.12151394422310757
3,15,150781,150777,Exact fair,-1,3,0.21713147410358566
3,15,150781,150777,Exact fair,-1,4,0.16334661354581673
3,15,150781,150777,Exact fair,-1,5,0.18127490039840638
3,15,150781,150777,Exact fair,1,0,0.13453815261044177
3,15,150781,150777,Exact fair,1,1,0.11244979919678715
3,15,150781,150777,Exact fair,1,2,0.20080321285140562
3,15,150781,150777,Exact fair,1,3,0.21084337349397592
3,15,150781,150777,Exact fair,1,4,0.142570281124498
3,15,150781,150777,Exact fair,1,5,0.19879518072289157
3,16,160781,160777,Unfair,-1,0,0.07584830339321358
3,16,160781,160777,Unfair,-1,1,0.07385229540918163
3,16,160781,160777,Unfair,-1,2,0.08183632734530938
3,16,160781,160777,Unfair,-1,3,0.25748502994011974
3,16,160781,160777,Unfair,-1,4,0.25948103792415167
3,16,160781,160777,Unfair,-1,5,0.25149700598802394
3,16,160781,160777,Unfair,1,0,0.27054108216432865
3,16,160781,160777,Unfair,1,1,0.26452905811623245
3,16,160781,160777,Unfair,1,2,0.24849699398797595
3,16,160781,160777,Unfair,1,3,0.0841683366733467
3,16,160781,160777,Unfair,1,4,0.06212424849699399
3,16,160781,160777,Unfair,1,5,0.07014028056112225
3,16,160781,160777,Exact fair,-1,0,0.12974051896207583
3,16,160781,160777,Exact fair,-1,1,0.14770459081836326
3,16,160781,160777,Exact fair,-1,2,0.19560878243512975
3,16,160781,160777,Exact fair,-1,3,0.16367265469061876
3,16,160781,160777,Exact fair,-1,4,0.18163672654690619
3,16,160781,160777,Exact fair,-1,5,0.18163672654690619
3,16,160781,160777,Exact fair,1,0,0.15831663326653306
3,16,160781,160777,Exact fair,1,1,0.17034068136272545
3,16,160781,160777,Exact fair,1,2,0.18236472945891782
3,16,160781,160777,Exact fair,1,3,0.18637274549098196
3,16,160781,160777,Exact fair,1,4,0.13226452905811623
3,16,160781,160777,Exact fair,1,5,0.17034068136272545
3,17,170781,170777,Unfair,-1,0,0.08519269776876268
3,17,170781,170777,Unfair,-1,1,0.058823529411764705
3,17,170781,170777,Unfair,-1,2,0.0973630831643002
3,17,170781,170777,Unfair,-1,3,0.2920892494929006
3,17,170781,170777,Unfair,-1,4,0.24543610547667344
3,17,170781,170777,Unfair,-1,5,0.2210953346855984
3,17,170781,170777,Unfair,1,0,0.26627218934911245
3,17,170781,170777,Unfair,1,1,0.2504930966469428
3,17,170781,170777,Unfair,1,2,0.2781065088757396
3,17,170781,170777,Unfair,1,3,0.0670611439842209
3,17,170781,170777,Unfair,1,4,0.06903353057199212
3,17,170781,170777,Unfair,1,5,0.06903353057199212
3,17,170781,170777,Exact fair,-1,0,0.2028397565922921
3,17,170781,170777,Exact fair,-1,1,0.14807302231237324
3,17,170781,170777,Exact fair,-1,2,0.20486815415821502
3,17,170781,170777,Exact fair,-1,3,0.18052738336713997
3,17,170781,170777,Exact fair,-1,4,0.12778904665314403
3,17,170781,170777,Exact fair,-1,5,0.1359026369168357
3,17,170781,170777,Exact fair,1,0,0.17159763313609466
3,17,170781,170777,Exact fair,1,1,0.14398422090729784
3,17,170781,170777,Exact fair,1,2,0.1893491124260355
3,17,170781,170777,Exact fair,1,3,0.1814595660749507
3,17,170781,170777,Exact fair,1,4,0.16962524654832348
3,17,170781,170777,Exact fair,1,5,0.14398422090729784
3,18,180781,180777,Unfair,-1,0,0.09919028340080972
3,18,180781,180777,Unfair,-1,1,0.06882591093117409
3,18,180781,180777,Unfair,-1,2,0.05668016194331984
3,18,180781,180777,Unfair,-1,3,0.25708502024291496
3,18,180781,180777,Unfair,-1,4,0.26720647773279355
3,18,180781,180777,Unfair,-1,5,0.25101214574898784
3,18,180781,180777,Unfair,1,0,0.29051383399209485
3,18,180781,180777,Unfair,1,1,0.23517786561264822
3,18,180781,180777,Unfair,1,2,0.2608695652173913
3,18,180781,180777,Unfair,1,3,0.07312252964426877
3,18,180781,180777,Unfair,1,4,0.08300395256916997
3,18,180781,180777,Unfair,1,5,0.05731225296442688
3,18,180781,180777,Exact fair,-1,0,0.20647773279352227
3,18,180781,180777,Exact fair,-1,1,0.13360323886639677
3,18,180781,180777,Exact fair,-1,2,0.15384615384615385
3,18,180781,180777,Exact fair,-1,3,0.1417004048582996
3,18,180781,180777,Exact fair,-1,4,0.1882591093117409
3,18,180781,180777,Exact fair,-1,5,0.17611336032388664
3,18,180781,180777,Exact fair,1,0,0.17984189723320157
3,18,180781,180777,Exact fair,1,1,0.13043478260869565
3,18,180781,180777,Exact fair,1,2,0.14624505928853754
3,18,180781,180777,Exact fair,1,3,0.16205533596837945
3,18,180781,180777,Exact fair,1,4,0.17786561264822134
3,18,180781,180777,Exact fair,1,5,0.20355731225296442
3,19,190781,190777,Unfair,-1,0,0.0784313725490196
3,19,190781,190777,Unfair,-1,1,0.060784313725490195
3,19,190781,190777,Unfair,-1,2,0.07647058823529412
3,19,190781,190777,Unfair,-1,3,0.2823529411764706
3,19,190781,190777,Unfair,-1,4,0.2803921568627451
3,19,190781,190777,Unfair,-1,5,0.22156862745098038
3,19,190781,190777,Unfair,1,0,0.24285714285714285
3,19,190781,190777,Unfair,1,1,0.2836734693877551
3,19,190781,190777,Unfair,1,2,0.27755102040816326
3,19,190781,190777,Unfair,1,3,0.07755102040816327
3,19,190781,190777,Unfair,1,4,0.0653061224489796
3,19,190781,190777,Unfair,1,5,0.053061224489795916
3,19,190781,190777,Exact fair,-1,0,0.19411764705882353
3,19,190781,190777,Exact fair,-1,1,0.16470588235294117
3,19,190781,190777,Exact fair,-1,2,0.14705882352941177
3,19,190781,190777,Exact fair,-1,3,0.19019607843137254
3,19,190781,190777,Exact fair,-1,4,0.17058823529411765
3,19,190781,190777,Exact fair,-1,5,0.13333333333333333
3,19,190781,190777,Exact fair,1,0,0.16938775510204082
3,19,190781,190777,Exact fair,1,1,0.18775510204081633
3,19,190781,190777,Exact fair,1,2,0.1673469387755102
3,19,190781,190777,Exact fair,1,3,0.15510204081632653
3,19,190781,190777,Exact fair,1,4,0.15510204081632653
3,19,190781,190777,Exact fair,1,5,0.1653061224489796
3,20,200781,200777,Unfair,-1,0,0.07615230460921844
3,20,200781,200777,Unfair,-1,1,0.08617234468937876
3,20,200781,200777,Unfair,-1,2,0.0781563126252505
3,20,200781,200777,Unfair,-1,3,0.26452905811623245
3,20,200781,200777,Unfair,-1,4,0.24849699398797595
3,20,200781,200777,Unfair,-1,5,0.24649298597194388
3,20,200781,200777,Unfair,1,0,0.25748502994011974
3,20,200781,200777,Unfair,1,1,0.28542914171656686
3,20,200781,200777,Unfair,1,2,0.26746506986027946
3,20,200781,200777,Unfair,1,3,0.06387225548902195
3,20,200781,200777,Unfair,1,4,0.0658682634730539
3,20,200781,200777,Unfair,1,5,0.059880239520958084
3,20,200781,200777,Exact fair,-1,0,0.24649298597194388
3,20,200781,200777,Exact fair,-1,1,0.16432865731462926
3,20,200781,200777,Exact fair,-1,2,0.16633266533066132
3,20,200781,200777,Exact fair,-1,3,0.14829659318637275
3,20,200781,200777,Exact fair,-1,4,0.1342685370741483
3,20,200781,200777,Exact fair,-1,5,0.1402805611222445
3,20,200781,200777,Exact fair,1,0,0.16367265469061876
3,20,200781,200777,Exact fair,1,1,0.17764471057884232
3,20,200781,200777,Exact fair,1,2,0.16766467065868262
3,20,200781,200777,Exact fair,1,3,0.17964071856287425
3,20,200781,200777,Exact fair,1,4,0.15568862275449102
3,20,200781,200777,Exact fair,1,5,0.15568862275449102
3,21,210781,210777,Unfair,-1,0,0.0486815415821501
3,21,210781,210777,Unfair,-1,1,0.05273833671399594
3,21,210781,210777,Unfair,-1,2,0.058823529411764705
3,21,210781,210777,Unfair,-1,3,0.29006085192697767
3,21,210781,210777,Unfair,-1,4,0.281947261663286
3,21,210781,210777,Unfair,-1,5,0.26774847870182555
3,21,210781,210777,Unfair,1,0,0.28402366863905326
3,21,210781,210777,Unfair,1,1,0.27613412228796846
3,21,210781,210777,Unfair,1,2,0.2445759368836292
3,21,210781,210777,Unfair,1,3,0.06903353057199212
3,21,210781,210777,Unfair,1,4,0.07100591715976332
3,21,210781,210777,Unfair,1,5,0.055226824457593686
3,21,210781,210777,Exact fair,-1,0,0.12778904665314403
3,21,210781,210777,Exact fair,-1,1,0.1724137931034483
3,21,210781,210777,Exact fair,-1,2,0.1440162271805274
3,21,210781,210777,Exact fair,-1,3,0.2231237322515213
3,21,210781,210777,Exact fair,-1,4,0.17849898580121704
3,21,210781,210777,Exact fair,-1,5,0.15415821501014199
3,21,210781,210777,Exact fair,1,0,0.19723865877712032
3,21,210781,210777,Exact fair,1,1,0.16568047337278108
3,21,210781,210777,Exact fair,1,2,0.15581854043392504
3,21,210781,210777,Exact fair,1,3,0.14398422090729784
3,21,210781,210777,Exact fair,1,4,0.16370808678500987
3,21,210781,210777,Exact fair,1,5,0.17357001972386588
3,22,220781,220777,Unfair,-1,0,0.06297709923664122
3,22,220781,220777,Unfair,-1,1,0.05534351145038168
3,22,220781,220777,Unfair,-1,2,0.11068702290076336
3,22,220781,220777,Unfair,-1,3,0.26717557251908397
3,22,220781,220777,Unfair,-1,4,0.2385496183206107
3,22,220781,220777,Unfair,-1,5,0.2652671755725191
3,22,220781,220777,Unfair,1,0,0.2668067226890756
3,22,220781,220777,Unfair,1,1,0.2605042016806723
3,22,220781,220777,Unfair,1,2,0.2647058823529412
3,22,220781,220777,Unfair,1,3,0.06512605042016807
3,22,220781,220777,Unfair,1,4,0.0861344537815126
3,22,220781,220777,Unfair,1,5,0.05672268907563025
3,22,220781,220777,Exact fair,-1,0,0.18893129770992367
3,22,220781,220777,Exact fair,-1,1,0.1183206106870229
3,22,220781,220777,Exact fair,-1,2,0.21374045801526717
3,22,220781,220777,Exact fair,-1,3,0.16221374045801526
3,22,220781,220777,Exact fair,-1,4,0.14122137404580154
3,22,220781,220777,Exact fair,-1,5,0.17557251908396945
3,22,220781,220777,Exact fair,1,0,0.1722689075630252
3,22,220781,220777,Exact fair,1,1,0.16806722689075632
3,22,220781,220777,Exact fair,1,2,0.15756302521008403
3,22,220781,220777,Exact fair,1,3,0.14705882352941177
3,22,220781,220777,Exact fair,1,4,0.20798319327731093
3,22,220781,220777,Exact fair,1,5,0.14705882352941177
3,23,230781,230777,Unfair,-1,0,0.09563409563409564
3,23,230781,230777,Unfair,-1,1,0.08108108108108109
3,23,230781,230777,Unfair,-1,2,0.0498960498960499
3,23,230781,230777,Unfair,-1,3,0.2494802494802495
3,23,230781,230777,Unfair,-1,4,0.2869022869022869
3,23,230781,230777,Unfair,-1,5,0.23700623700623702
3,23,230781,230777,Unfair,1,0,0.27360308285163776
3,23,230781,230777,Unfair,1,1,0.2466281310211946
3,23,230781,230777,Unfair,1,2,0.2658959537572254
3,23,230781,230777,Unfair,1,3,0.08285163776493257
3,23,230781,230777,Unfair,1,4,0.0674373795761079
3,23,230781,230777,Unfair,1,5,0.06358381502890173
3,23,230781,230777,Exact fair,-1,0,0.19334719334719336
3,23,230781,230777,Exact fair,-1,1,0.1683991683991684
3,23,230781,230777,Exact fair,-1,2,0.14137214137214138
3,23,230781,230777,Exact fair,-1,3,0.1600831600831601
3,23,230781,230777,Exact fair,-1,4,0.18503118503118504
3,23,230781,230777,Exact fair,-1,5,0.15176715176715178
3,23,230781,230777,Exact fair,1,0,0.17726396917148363
3,23,230781,230777,Exact fair,1,1,0.16184971098265896
3,23,230781,230777,Exact fair,1,2,0.17148362235067438
3,23,230781,230777,Exact fair,1,3,0.16955684007707128
3,23,230781,230777,Exact fair,1,4,0.1676300578034682
3,23,230781,230777,Exact fair,1,5,0.15221579961464354
3,24,240781,240777,Unfair,-1,0,0.06560636182902585
3,24,240781,240777,Unfair,-1,1,0.07952286282306163
3,24,240781,240777,Unfair,-1,2,0.055666003976143144
3,24,240781,240777,Unfair,-1,3,0.28429423459244535
3,24,240781,240777,Unfair,-1,4,0.2823061630218688
3,24,240781,240777,Unfair,-1,5,0.23260437375745527
3,24,240781,240777,Unfair,1,0,0.2535211267605634
3,24,240781,240777,Unfair,1,1,0.2575452716297787
3,24,240781,240777,Unfair,1,2,0.2716297786720322
3,24,240781,240777,Unfair,1,3,0.09859154929577464
3,24,240781,240777,Unfair,1,4,0.060362173038229376
3,24,240781,240777,Unfair,1,5,0.05835010060362173
3,24,240781,240777,Exact fair,-1,0,0.16898608349900596
3,24,240781,240777,Exact fair,-1,1,0.16500994035785288
3,24,240781,240777,Exact fair,-1,2,0.17296222664015903
3,24,240781,240777,Exact fair,-1,3,0.18290258449304175
3,24,240781,240777,Exact fair,-1,4,0.16500994035785288
3,24,240781,240777,Exact fair,-1,5,0.14512922465208747
3,24,240781,240777,Exact fair,1,0,0.16700201207243462
3,24,240781,240777,Exact fair,1,1,0.20925553319919518
3,24,240781,240777,Exact fair,1,2,0.1488933601609658
3,24,240781,240777,Exact fair,1,3,0.1790744466800805
3,24,240781,240777,Exact fair,1,4,0.14084507042253522
3,24,240781,240777,Exact fair,1,5,0.15492957746478872
3,25,250781,250777,Unfair,-1,0,0.07024793388429752
3,25,250781,250777,Unfair,-1,1,0.08471074380165289
3,25,250781,250777,Unfair,-1,2,0.09090909090909091
3,25,250781,250777,Unfair,-1,3,0.24173553719008264
3,25,250781,250777,Unfair,-1,4,0.25413223140495866
3,25,250781,250777,Unfair,-1,5,0.25826446280991733
3,25,250781,250777,Unfair,1,0,0.25387596899224807
3,25,250781,250777,Unfair,1,1,0.25387596899224807
3,25,250781,250777,Unfair,1,2,0.2713178294573643
3,25,250781,250777,Unfair,1,3,0.07364341085271318
3,25,250781,250777,Unfair,1,4,0.07751937984496124
3,25,250781,250777,Unfair,1,5,0.06976744186046512
3,25,250781,250777,Exact fair,-1,0,0.16322314049586778
3,25,250781,250777,Exact fair,-1,1,0.16942148760330578
3,25,250781,250777,Exact fair,-1,2,0.18388429752066116
3,25,250781,250777,Exact fair,-1,3,0.1797520661157025
3,25,250781,250777,Exact fair,-1,4,0.1446280991735537
3,25,250781,250777,Exact fair,-1,5,0.1590909090909091
3,25,250781,250777,Exact fair,1,0,0.16279069767441862
3,25,250781,250777,Exact fair,1,1,0.1996124031007752
3,25,250781,250777,Exact fair,1,2,0.1821705426356589
3,25,250781,250777,Exact fair,1,3,0.1434108527131783
3,25,250781,250777,Exact fair,1,4,0.16279069767441862
3,25,250781,250777,Exact fair,1,5,0.14922480620155038
3,26,260781,260777,Unfair,-1,0,0.09504950495049505
3,26,260781,260777,Unfair,-1,1,0.04554455445544554
3,26,260781,260777,Unfair,-1,2,0.08712871287128712
3,26,260781,260777,Unfair,-1,3,0.27524752475247527
3,26,260781,260777,Unfair,-1,4,0.2376237623762376
3,26,260781,260777,Unfair,-1,5,0.2594059405940594
3,26,260781,260777,Unfair,1,0,0.26666666666666666
3,26,260781,260777,Unfair,1,1,0.2585858585858586
3,26,260781,260777,Unfair,1,2,0.2787878787878788
3,26,260781,260777,Unfair,1,3,0.08080808080808081
3,26,260781,260777,Unfair,1,4,0.0707070707070707
3,26,260781,260777,Unfair,1,5,0.044444444444444446
3,26,260781,260777,Exact fair,-1,0,0.1801980198019802
3,26,260781,260777,Exact fair,-1,1,0.17227722772277226
3,26,260781,260777,Exact fair,-1,2,0.2079207920792079
3,26,260781,260777,Exact fair,-1,3,0.16633663366336635
3,26,260781,260777,Exact fair,-1,4,0.13465346534653466
3,26,260781,260777,Exact fair,-1,5,0.13861386138613863
3,26,260781,260777,Exact fair,1,0,0.18585858585858586
3,26,260781,260777,Exact fair,1,1,0.12525252525252525
3,26,260781,260777,Exact fair,1,2,0.18383838383838383
3,26,260781,260777,Exact fair,1,3,0.20404040404040405
3,26,260781,260777,Exact fair,1,4,0.16363636363636364
3,26,260781,260777,Exact fair,1,5,0.13737373737373737
3,27,270781,270777,Unfair,-1,0,0.07017543859649122
3,27,270781,270777,Unfair,-1,1,0.07992202729044834
3,27,270781,270777,Unfair,-1,2,0.05847953216374269
3,27,270781,270777,Unfair,-1,3,0.3157894736842105
3,27,270781,270777,Unfair,-1,4,0.21637426900584794
3,27,270781,270777,Unfair,-1,5,0.25925925925925924
3,27,270781,270777,Unfair,1,0,0.2731006160164271
3,27,270781,270777,Unfair,1,1,0.25667351129363447
3,27,270781,270777,Unfair,1,2,0.2751540041067762
3,27,270781,270777,Unfair,1,3,0.055441478439425054
3,27,270781,270777,Unfair,1,4,0.07186858316221766
3,27,270781,270777,Unfair,1,5,0.06776180698151951
3,27,270781,270777,Exact fair,-1,0,0.19103313840155944
3,27,270781,270777,Exact fair,-1,1,0.18128654970760233
3,27,270781,270777,Exact fair,-1,2,0.15594541910331383
3,27,270781,270777,Exact fair,-1,3,0.1793372319688109
3,27,270781,270777,Exact fair,-1,4,0.13060428849902533
3,27,270781,270777,Exact fair,-1,5,0.1617933723196881
3,27,270781,270777,Exact fair,1,0,0.18480492813141683
3,27,270781,270777,Exact fair,1,1,0.17659137577002054
3,27,270781,270777,Exact fair,1,2,0.15811088295687886
3,27,270781,270777,Exact fair,1,3,0.1540041067761807
3,27,270781,270777,Exact fair,1,4,0.1437371663244353
3,27,270781,270777,Exact fair,1,5,0.18275154004106775
3,28,280781,280777,Unfair,-1,0,0.07692307692307693
3,28,280781,280777,Unfair,-1,1,0.06378986866791744
3,28,280781,280777,Unfair,-1,2,0.0825515947467167
3,28,280781,280777,Unfair,-1,3,0.23639774859287055
3,28,280781,280777,Unfair,-1,4,0.2682926829268293
3,28,280781,280777,Unfair,-1,5,0.27204502814258913
3,28,280781,280777,Unfair,1,0,0.24411134903640258
3,28,280781,280777,Unfair,1,1,0.26552462526766596
3,28,280781,280777,Unfair,1,2,0.23768736616702354
3,28,280781,280777,Unfair,1,3,0.07494646680942184
3,28,280781,280777,Unfair,1,4,0.1006423982869379
3,28,280781,280777,Unfair,1,5,0.07708779443254818
3,28,280781,280777,Exact fair,-1,0,0.1669793621013133
3,28,280781,280777,Exact fair,-1,1,0.15572232645403378
3,28,280781,280777,Exact fair,-1,2,0.12195121951219512
3,28,280781,280777,Exact fair,-1,3,0.1575984990619137
3,28,280781,280777,Exact fair,-1,4,0.19887429643527205
3,28,280781,280777,Exact fair,-1,5,0.19887429643527205
3,28,280781,280777,Exact fair,1,0,0.14989293361884368
3,28,280781,280777,Exact fair,1,1,0.1734475374732334
3,28,280781,280777,Exact fair,1,2,0.15203426124197003
3,28,280781,280777,Exact fair,1,3,0.16916488222698073
3,28,280781,280777,Exact fair,1,4,0.1948608137044968
3,28,280781,280777,Exact fair,1,5,0.16059957173447537
3,29,290781,290777,Unfair,-1,0,0.08686868686868687
3,29,290781,290777,Unfair,-1,1,0.07878787878787878
3,29,290781,290777,Unfair,-1,2,0.09292929292929293
3,29,290781,290777,Unfair,-1,3,0.28484848484848485
3,29,290781,290777,Unfair,-1,4,0.21818181818181817
3,29,290781,290777,Unfair,-1,5,0.2383838383838384
3,29,290781,290777,Unfair,1,0,0.23564356435643563
3,29,290781,290777,Unfair,1,1,0.27722772277227725
3,29,290781,290777,Unfair,1,2,0.25742574257425743
3,29,290781,290777,Unfair,1,3,0.08118811881188119
3,29,290781,290777,Unfair,1,4,0.06930693069306931
3,29,290781,290777,Unfair,1,5,0.07920792079207921
3,29,290781,290777,Exact fair,-1,0,0.16161616161616163
3,29,290781,290777,Exact fair,-1,1,0.13535353535353536
3,29,290781,290777,Exact fair,-1,2,0.14545454545454545
3,29,290781,290777,Exact fair,-1,3,0.21818181818181817
3,29,290781,290777,Exact fair,-1,4,0.15757575757575756
3,29,290781,290777,Exact fair,-1,5,0.18181818181818182
3,29,290781,290777,Exact fair,1,0,0.15445544554455445
3,29,290781,290777,Exact fair,1,1,0.17623762376237623
3,29,290781,290777,Exact fair,1,2,0.18217821782178217
3,29,290781,290777,Exact fair,1,3,0.14653465346534653
3,29,290781,290777,Exact fair,1,4,0.17227722772277226
3,29,290781,290777,Exact fair,1,5,0.16831683168316833
